name,description,address,phone,email
PMG GLOBALL LLC,FULL SERVICE 3PL SERVING THE PROPER LOS ANGELES AREA. SERVICES OFFERED: CROSS DOCK TRANSLOAD REPALLETIZING CONTAINER LOADING/OFFLOADING STORAGE (LONG TERM AND SHORT TERM),"Commerce, California, 90040, United States",5625846689,info@pmg3pl.com
,,"NoneNone, None",,kforceexpress@gmail.com
FreightBox Inc.,"FREIGHTBOX Cross Dock Facilities     Prime cross dock facilities in 5 locations, offering efficient and reliable consolidation and redistribution services. Our warehouse","Sparks, Nevada, 89431, United States",726-20-65716,volodkoalexalex@gmail.com
Benntech Logistics,Located in the heart of Elk Grove Village with easy access to Ohare airport and Chicago railroad ramps. Limited truck parking available overnight and 32k sq ft of warehousing,"Elk Grove Village, Illinois, 60007, United States",312-493-9897,milano@benntech.com
Dominant Express LLC,"Established in 2009, DOMINANT EXPRESS LLC has evolved into a leading transportation and logistics provider, offering a wide array of services such as Full Truckload, Less-Than-Truckload,","Charlotte, North Carolina, 28217, United States",980-556-7344,mikedominantexpress@gmail.com
Baton Rouge Cargo,Baton Rouge Cargo is a final mile carrier and warehousing company. We offer repacking and cross docks as well.,"Lafayette, Louisiana, 70501, United States",225-226-6110,info@batonrougecargo.com
Move Logistics,"Very few people live their entire lives in one location. As you, your family, and your business expand, you will most likely need to relocate to meet your evolving needs.","San Antonio, Texas, 78233, United States",(210) 942-0357,movelogistics37@gmail.com
"Interstate Courier Service, Inc.",,"Tampa, Florida, 33634, United States",941-815-9728,sales@interstatecourier.net
Compton's Quality Group,"Compton's Quality opened in 2002 and specialized in the inspection of automotive fasteners. We have expanded our services over the years and now provide assembly,","Sterling Heights, Michigan, 48314, United States",248-338-0762,kcompton@comptonsquality.com
Xperts Group Co.,"Cartage Xperts Co. policy is:Get it right the first time, EVERYTIME!  Our Temperature Controlled Vehicles are conformed to meet the GDP compliance that are based off","Mount Prospect, Illinois, 60056, United States",630-422-1720,chino.fajardo@xpertsgroup.com
RG Sales,,"Del Rio, Texas, 78840, United States",8303098965,rubegar35@gmail.com
Merchants Transfer & Warehouse Company,,"Mobile, Alabama, 36610, United States",251-457-8691,info@merchantstransfer.com
Keyport Warehousing,,"Loxley, Alabama, 36551, United States",251-964-4607,info@keyportwarehousing.com
Gulf Intermodal,,"Theodore, Alabama, 36582, United States",251-653-1880,dispatch@gulfintermodal.com
Charleston Warehouse Company,,"North Charleston, South Carolina, 29418, United States",843-547-0322,operations@chswhco.com
Dupuy Group,,"North Charleston, South Carolina, 29418, United States",843-767-6880,info@dupuygroup.com
"Crossdock in Fort Worth, TX",,"Fort Worth, Texas, 76179, United States",312-885-2706,bobpowers81@gmail.com
Kontane Logistics,,"Ladson, South Carolina, 29456, United States",(843) 352-0011,info@kontanelogistics.com
Kontane Logistics,,"Summerville, South Carolina, 29486, United States",843-352-0011,info@kontanelogistics.com
Kontane Logistics,,"Charleston, South Carolina, 29492, United States",843-352-0011,info@kontanelogistics.com
Kontane Logistics,,"Charleston, South Carolina, 29492, United States",843-352-0011,info@kontanelogistics.com
Blackmon Warehouse Systems Inc,,"North Charleston, South Carolina, 29406, United States",843-747-4630,dispatch@blackmon-warehouse.com
CLN Solutions,,"North Charleston, South Carolina, 29406, United States",843-486-0040,support@clnsolutions.com
Barnhart Transportation,,"Houston, Texas, 77339, United States",832-995-1922,s.wiest@barnhart-trans.com
Barnhart Transportation,,"Moncks Corner, South Carolina, 29461, United States",843-553-0534,s.wiest@barnhart-trans.com
Barnhart Transportation,,"North Charleston, South Carolina, 29406, United States",814-347-5254,s.wiest@barnhart-trans.com
Barnhart Transportation,,"North East, Pennsylvania, 16428, United States",814-347-5254,s.wiest@barnhart-trans.com
Dockside Logistics,,"Houston, Texas, 77075, United States",844-395-7447,sales@docksidelogistics.com
Dockside Logistics,,"Saint George, South Carolina, 29477, United States",844-395-7447,sales@docksidelogistics.com
Dockside Logistics,,"Hanahan, South Carolina, 29410, United States",844-395-7447,sales@docksidelogistics.com
Dockside Logistics,,"Charleston, South Carolina, 29403, United States",844-395-7447,sales@docksidelogistics.com
Rogers Brown,,"Ladson, South Carolina, 29456, United States",843-875-9330,Mark_Hughes@rogers-brown.com
Rick Cargo,,"Lawrenceville, Georgia, 30043, United States",470-977-2577,info@rickcargo.com
Brokers Logistics,,"El Paso, Texas, 79915, United States",(915) 778-7751,info@brokerslogistics.com
Stagecoach Cartage Laredo TX,,"Laredo, Texas, 78045, United States",(800) 327-1204,sales@stagecoachcartage.com
Stagecoach Cartage Del Rio,,"Del Rio, Texas, 78840, United States",(800) 327-1204,sales@stagecoachcartage.com
Stagecoach Cartage El Paso,,"El Paso, Texas, 79915, United States",(800) 327-1204,sales@stagecoachcartage.com
Stagecoach Cartage,,"El Paso, Texas, 79905, United States",915-779-8315,sales@stagecoachcartage.com
Premier Couriers,,"El Paso, Texas, 79903, United States",(915) 532-5211,premier@premiercouriersep.com
Alliance Riggers,,"El Paso, Texas, 79907, United States",915.591.4513,customerservice@allianceriggers.com
Cordova Brokerage International,,"El Paso, Texas, 79907, United States",915-595-8774,ygarcia@cordovabrokerage.com
Russell Transport,,"El Paso, Texas, 79928, United States",(915) 542-1495,helpdesk@russelltransport.com
NEXUS WAREHOUSE,BEST 24/7 NEW JERSEY CROSSDOCK,"Carlstadt, New Jersey, 07072, United States",201-702-1659,contact@nexuswh.com
Summit Cold Storage,Summit Cold Storage    Our Facility   Summit Cold Storage was custom built to service Chicagoland as a full service public refrigerated warehouse & corporate headquarters,"Summit, Illinois, 60501, United States",(708) 924-1137 Ext. 278,janice@summitcold.com
All States Truck LLC,"All states truck llc is a trucking company that’s also provides Cross Docking, Warehouse, Lumper Service, Freight Storage, Pallet Restocking and local deliveries","St. Louis, Missouri, 63147, United States",3143981172,allstatestruck@gmail.com
POLO 4PL,"Polo 4PL's mission is to make warehousing less costly, more flexible, and accessible to all companies.","Compton, California, 90220, United States",8184974088,greg@polo4pl.com
CARGO LOGISTICS CORP,Cargo Logistics Corp is located 5 minutes from Miami International Airport we have 20 SF warehouse.   We are CFS CONTAINER FREIGHT STATIONS BONDED AS WELL BONDED CARRIER.,"Miami, Florida, 33166, United States",305-970-9693,mborja@cargologisticsmia.com
Box Truxx Courier-Delivery,"At Box Truxx, you can always count on an unprecedented degree of customer service. Our LTL solutions are tops in the industry.","Indianapolis, Indiana, 46254, United States",317-899-9667,dispatch@boxtruxx.com
4D Trucking & Logistics,"At 4D Trucking & Logistics, Inc., we're at the forefront of revolutionizing warehousing and logistics solutions. With our extensive experience in the trucking industry","Alsip, 60803, None",7087175662,t.leku@4d-tl.com
Asset Based Intermodal,,"Garland, Texas, 75040, United States",9724879900,barnold@assetbasedintermodal.com
MAMMOTH HAULING INC,We are a warehousing solution provider offering comprehensive services at competitive pricing.  Services Include:   Shrink Wrapping  Pallet Offloading  Secure Storage  Picking,"Los Angeles, California, 91352, United States",8186485858,RALPH@SHIPMHI.COM
EQ Logistics,"Your Trusted Provider of Logistics, Warehousing, and Transport Services    www.eqlogistics.us/welcome    EQ Logistics is a sophisticated, multi-dimensional 3PL company that","Elkhart, Indiana, 46514, United States",(866) 847-8330,Rlittle@equnited.us
Warehousing Etc,"Warehousing Etc is a Tampa-based 3PL offering flexible transload, load reworking, and other warehousing services on the Gulf Coast of Florida. We help rework distressed","Tampa, Florida, 33610, United States",8885015311,tyler.key@warehousingetc.com
Tas Transport,,"Buffalo, New York, 14227, United States",716-279-0600,dispatch@tas-transport.com
Buffalo Transport,,"Buffalo, New York, 14214, United States",716-834-1090,info@buffalotransport.com
Escro Trans,,"Buffalo, New York, 14217, United States",716-874-6155,info@escrotrans.com
Bossongs,,"Syracuse, New York, 13211, United States",315-455-7431,dispatch@bossongs.com
V Line Trucking & Warehousing,"dispatch@vlineco.com  +1 315-308-8046  151 Falso Dr, Syracuse, NY 13211  1176 East California St, Ontario, CA 91761  5 S Harper Ave, Chicago, IL 60628  375 W Scotts Ave,","Syracuse, New York, 13211, United States",315-308-8046,dispatch@vlineco.com
Crossdock in New Haven CT,,"North Haven, Connecticut, 06473, United States",203-230-2760,info@crossdockwarehousellc.com
Miller Transportation,,"Hartford, Connecticut, 06114, United States",860-900-0230,apply@millertransgroup.com
MSM Transport,,"Hartford, Connecticut, 06114, United States",860-216-9120,info@msmtransportllc.com
RJ Morris and Co,,"East Hartford, Connecticut, 06108, United States",860-289-7546,info@rjmorristrucking.com
"Crossdock in Albany, NY",,"Albany, New York, 12205, United States",518-559-1462,jason@fireballtransport.com
Dedicated Logistics,,"Williamsport, Maryland, 21795, United States",651-631-5918,Jobs@ShipDLI.com
H.H.Omps,,"Winchester, Virginia, 22603, United States",540-667-4919,info@hhomps.com
Ward Trucking Corporation,,"Winchester, Virginia, 22602, United States",540-665-0937,info@wardtlc.com
Simbeck Inc,,"Winchester, Virginia, 22601, United States",540-662-0909,sales@simbeckinc.com
TNT TRANSPORTATION  LLC,,"Front Royal, Virginia, 22630, United States",540-636-3292,jvaught@tnt-transportation.com
AP Trucking,,"Morgantown, West Virginia, 26508, United States",304-282-9385,paulaptrucking@aol.com
Phoenix Trucking,,"Morgantown, West Virginia, 26501, United States",304-296-0818,info@phoenixtruckingwv.com
Air Ground Xpress,,"Morgantown, West Virginia, 26508, United States",304-291-0034,info@airground.com
Best Logistics,,"South Point, Ohio, 45680, United States",740-888-1045,webinquires@shipwithbest.com
LJ Navy Co,,"South Point, Ohio, 45680, United States",419-734-3423,info@ljnavyco.com
REO Logistics,,"Huntington, West Virginia, 25703, United States",304-523-2144,rebecca.polan@reoprocessing.com
A&E Crossdock,,"Louisville, Kentucky, 40216, United States",314-448-9287,info@aecrossdock.com
The Crossdock,,"Louisville, Kentucky, 40210, United States",502-210-9682,info@thecrossdock.net
DHS Express Inc.,,"Kingsport, Tennessee, 37663, United States",423-349-5100,Dawn@dhsexpress.net
"Crossdock in Parkersburg, WV",,"Parkersburg, West Virginia, 26101, United States",304-485-3270,info@parkersburgdeliveryservice.com
"Crossdock in Parkersburg, WV",,"Parkersburg, West Virginia, 26101, United States",304-420-9099,info@artransport.net
"Crossdock in Lexington, KY",,"Lexington, Kentucky, 40505, United States",859-233-7001,info@stixtransportation.com
"Crossdock in Lexington, KY",,"Lexington, Kentucky, 40511, United States",859-788-7951,info@truckingcompanylexingtonky.com
"Crossdock in Lexington, KY",,"Lexington, Kentucky, 40511, United States",859-288-0016,RAJ@RAJTRANSPORTINC.COM
"Warehouse in Evansville, IN",,"Evansville, Indiana, 47711, United States",812-423-7861,tyweber100@gmail.com
Crossdock in Paducah KY,,"Paducah, Kentucky, 42001, United States",270-442-8522,help@wagnerenterprises.com
Warehouse in Antioch TN,,"Nashville, Tennessee, 37013, United States",615-471-5377,info@cimetrawarehouse.com
M&W Logistics,,"Nashville, Tennessee, 37210, United States",615-620-1539,JPITT@MWLGINC.COM
Warehousing Pro,,"Nashville, Tennessee, 37207, United States",615-988-8181,info@warehousingpro.com
Crossdock in Jackson TN,,"Jackson, Tennessee, 38301, United States",731-300-3903,info@eis-of-tn-inc.business.site
Cagle Trucking,,"Huntsville, Alabama, 35805, United States",256-881-0098,walker@cagletrucking.com
Old Dominion - Ringold GA,,"Ringgold, Georgia, 30736, United States",706-937-2783,ringold@odfl.com
Pax Industries,,"Chattanooga, Tennessee, 37402, United States",423-509-0525,paxinfo@paxind.com
"TRC Freight, Inc.",,"Chattanooga, Tennessee, 37421, United States",423-509-0525,info@trcandme.com
 ,,"NoneNone, None",,noytransportation@gmail.com
Aic LLC,"We are a full service logistics warehouse located in South Gate, Ca. We can handle everything from port drayage to final mile delivery. With over 15 years of experience,","South Gate, California, 90280, United States",(818)321-9599,Aicllc01@gmail.com
Schmuhl Brothers,,"Kansas City, Kansas, 66105, United States",913-422-1111,MBelanus@schmuhlbrothers.com
Roberts Bonded Warehouse,,"Lubbock, Texas, 79404, United States",806-765-8233,jared@robertsonbonded.com
Shelby Cold Storage,,"Amarillo, Texas, 79118, United States",806-371-0100,shelby@shelbycoldstorage.com
Gray Glove Delivery,,"Amarillo, Texas, 79102, United States",806-374-5261,sales@grayglovedelivery.com
United Warehouse,,"Park City, Kansas, 67219, United States",316-712-1000,sales@unitedwarehouse.com
Arco Storage & Transfer,,"Oklahoma City, Oklahoma, 73119, United States",405-682-0401,office@choosearco.com
XGSI,,"Oklahoma City, Oklahoma, 73119, United States",405-682-0401,INFO@XGSI.com
TriState Warehousing,,"Fort Wayne, Indiana, 46808, United States",260-436-2010,info@TristateWarehousing.com
South Texas Cold Storage,,"Corpus Christi, Texas, 78408, United States",361-520-4600,info@southtexascold.com
Parker and Company,,"Corpus Christi, Texas, 78408, United States",888-831-4130,fparker@parker-logistics.com
Basse Truckline,,"San Antonio, Texas, 78219, United States",210-226-3167,phyllis@bassetruckline.com
Southern Warehousing & Distributing,,"San Antonio, Texas, 78219, United States",210-224-7771,jwalker@southernwd.com
Javelin Logistics,,"Austin, Texas, 78753, United States",512-821-0116,sales@javelinlogistics.com
Sensco Logistics,,"Austin, Texas, 78741, United States",512-708-8834,info@senscologistics.com
Austin Warehouse & Distribution,,"Austin, Texas, 78728, United States",512-997-9140,rich@awdservice.com
Tejas Warehouse - Waco,,"Waco, Texas, 76704, United States",254-753-0301,info@tejaswarehouse.com
MSC Express,,"Grapevine, Texas, 76051, United States",972-453-0017,awhite@mscexpress.com
Evo Logistics - Cold Storage,,"Los Angeles, California, 90021, United States",323-736-5916,sales@evologistics.com
JW Logistics,,"Grapevine, Texas, 76051, United States",855-598-7267,info@jwlogistics.com
EVO Logistics - Cold Storage,,"Grapevine, Texas, 76051, United States",469-848-4000,info@evologistics.com
MOL Logistics,,"Grapevine, Texas, 76051, United States",817-481-9591,info@mol-logistics.com
GS2 Logistics,,"Grapevine, Texas, 76051, United States",817-416 7493,sales@gs2logistics.com
DCD Warehouse,,"Tyler, Texas, 75707, United States",903-561-3349,dcdwarehouse@suddenlinkmail.com
Jackson Transportation,,"Grapevine, Texas, 76051, United States",817-310-0485,kurtis@jacksontransportation.us
SureLogix,,"Houston, Texas, 77032, United States",713-360-1061,house@surelogix.com
SureLogix,,"Kenner, Louisiana, 70062, United States",504-463-0314,service@surelogix.net
SureLogix,,"Grapevine, Texas, 76051, United States",817-383-1915,noreply@surelogix.net
SureLogix,,"Lafayette, Louisiana, 70506, United States",337-345-5466,info@surelogix.net
SureLogix,,"Shreveport, Louisiana, 71106, United States",318-414-8993,sales@surelogix.net
Holmes Company of Jackson,,"Richland, Mississippi, 39218, United States",601-326-0030,khalley@holmestruck.net
"CDL 1000, Inc.",,"NoneNone, None",847-909-0687,george@cdl1000.com
Van Horn Transfer And Storage Company,,"Panama City, Florida, 32401, United States",850-763-3965,benhornmayflower@yahoo.com
Southeastern Freightlines,,"Dallas, Texas, 75247, United States",214-613-0408,SEFLWest@eshippingexchange.com
Southeastern Freight Lines,,"West Columbia, South Carolina, 29169, United States",888-416-4042,SEFLEast@eshippingexchange.com
South Eastern Freight Lines,,"Dothan, Alabama, 36303, United States",334-712-7688,info@sefl.com
Gray Logistics,,"Albany, Georgia, 31707, United States",229-436-7221,mike@graylogisticsllc.com
Special Service Freight,,"Charlotte, North Carolina, 28214, United States",704-587-0001,Contact@SpecialService.net
Pace-USA,,"Montgomery, Alabama, 36110, United States",866-410-7222,sales@pace-usa.com
Freedom Warehousing Solutions,,"Indianapolis, Indiana, 46219, United States",260-209-0702,info@freedomwarehousingsolutions.com
Morgan Self Storage - Manchester,,"Manchester, New Hampshire, 03101, United States",603-623-2000,sales@morganstorage.com
Fulfillment Hub USA,,"Doral, Florida, 33178, United States",786-622-1102,info@fulfillmenthubusa.com
24/7 Cross Dock & Warehousing,We specialize in transloading and cross docking in Northern New Jersey,"Fairfield, New Jersey, 07004, United States",973-914-8882,ykansay@gbsone.com
PPR Logistics LLC,,"Woodbridge Township, New Jersey, 07001, United States",732-540-7350,rates@pprlogistics.net
"Super K Express - Kansas City, MO",,"Kansas City, Missouri, 64120, United States",678-831-0854,info@superkexpress.com
Wood-Hall Logistics,,"NoneNone, None",519-213-1000,operations@wood-hall.com
Cross Dock in Bakersfield CA,,"Bakersfield, California, 93304, United States",661-201-6389,SAFETY@ROADLINER.NET
"JTS WAREHOUSE- Cross Docking, Warehouse Services and Delivery",Welcoming People.,"Grand Prairie, Texas, 75050, United States",(682) 243-0612,W.AHMAD@JTS-LOGISTIC.COM
Crossdock in Elk Grove Village,,"Elk Grove Village, Illinois, 60007, United States",312-885-2706,bobpowers81@gmail.com
"Crossdocks Storage & Logistics, Inc.","Crossdock, Drayage, & 3pl  Warehousing and Distribution Solutions  Our warehousing and distribution solutions provide businesses with the necessary storage space","Fresno, California, 93706, United States",559-246-7653,info@crossdocksandstorage.com
"Cross Dock, Climate Controlled Storage, &  Warehousing",,"Largo, Florida, 33771, United States",727-498-2221,info@grandmovingandstorage.com
1425 Madeline Lane LLC - Elgin,"Welcome to our cutting-edge warehouse, located in West Chicagoland. With a commitment to excellence, we offer a comprehensive suite of logistics services to address your","Elgin, Illinois, 60124, United States",312-858-3689,e.naughton@cargo24.com
Livermore CA Warehouse by J&S Drayage,,"Livermore, California, 94550, United States",510-878-9337,warehouse@jsdrayage.com
Cross Dock and Transloading Services in Los Angeles by Omni Logistics,,"Torrance, California, 90502, United States",(310) 644-4274,280@crossdockbuddy.com
Cross Dock and Transloading Services in Dallas by Omni Logistics,,"Coppell, Texas, 75019, United States",(817) 552-5270,279@crossdockbuddy.com
Cross Dock and Transloading Services in Chicago by Omni Logistics,,"Mount Prospect, Illinois, 60056, United States",(630) 616-5800,278@crossdockbuddy.com
Royal Moving & Storage,,"Los Angeles, California, 90029, United States",(424) 500-2221,info@royalmovingco.com
Reiff Diesel Services,,"Newburg, Pennsylvania, 17240, United States",(717) 620-9466,reiffdieselservices@outlook.com
Warehouse Solutions,,"Brockport, New York, 14420, United States",(585) 353-0340,vntransport777@gmail.com
"Total Source Logistics, Inc dba TSL","Total Source Logistics, Inc (TSL) is a bonded carrier and CBP approved container freight station that handles ocean and inland cargo. Our location near Port Newark/Elizabeth","Woodbridge Township, New Jersey, 07001, United States",(732) 404-8800,Bob@TotalSourceLogistics.com
24/7 CROSSDOCK,,"Orlando, Florida, 32809, United States",4077971244,briansiram@gmail.com
Crossdock in Jacksonville,"Offering crossdock, short term storage, container transloading, pallet shift, restack, and cleanup.","Jacksonville, Florida, 32254, United States",904-870-3566,crossdockjacksonville@gmail.com
Golden Gates Crossdock & Storage Warehouse,,"Bridgeview, Illinois, 60455, United States",630-313-4343,dispatch.goldengates@gmail.com
"Super K Express - Newnan, GA",,"Newnan, Georgia, 30263, United States",770-841-2016,jonathan@superkexpress.com
LSI Logistic Solutions,,"Glendale Heights, Illinois, 60139, United States",6304077084,jgerharz@lsilogistics.com
Dominant Express LLC Warehouse & Crossdock,,"Charlotte, North Carolina, 28217, United States",(980) 556-7344,dominantexpress@gmail.com
KTX Warehouse,,"Waxahachie, Texas, 75165, United States",4693372872,ops@shipktx.com
"Crossdock service and warehouse storage in Kent, WA",,"Kent, Washington, 98032, United States",630-320-2963,265@crossdockbuddy.com
Sargent Logistics,,"Portland, Oregon, 97217, United States",6303202963,feyesel@sargentlogistics.com
Diel Jerue Logistics,,"Ocala, Florida, 34475, United States",352-732-9221,mbuchyn@dieljerue.com
BigTrux Transportation,,"Little Rock, Arkansas, 72201, United States",501-425-0977,becca@bigtrux.net
BZ Diesel Repair,,"Houston, Texas, 77073, United States",281-715-3517,Peter@BZexpress.com
Cross Dock in Melrose Park,,"Melrose Park, Illinois, 60160, United States",224-220-1135 ext.5,chicagowarehouse@corbtrans.com
Cross Dock in Columbus,,"Columbus, Ohio, 43207, United States",6146620100,team@loadloop.us
CrossDock & Cold Storage 24/7,,"Janesville, Wisconsin, 53546, United States",(608)669-5303,Brandon@dairylandbakery.com
Giltner Crossdock,,"Sparks, Nevada, 89434, United States",2082939980,kjames@giltner.com
Coastal Transport,,"Richfield, Ohio, 44286, United States",330-659-0012,Vlad.Coastal@gmail.com
Revive Transport Cross Dock,,"Toledo, Ohio, 43612, United States",(567) 314-9696,chris@revivetransport.com
Rick's Logistics and Warehousing Services,,"Austintown, Ohio, 44515, United States",330-717-9567,opsrickslogistics@gmail.com
Zippy Shell of Louisiana,,"Elmwood, Louisiana, 70123, United States",504-435-6034,social@zippyshelllouisiana.com
24/7 St Louis Mobile Truck Repair,,"Saint Ann, Missouri, 63074, United States",(314) 669-2227,roadside@247st-louis.com
"Rush Rework Service for your refused, damaged and shifted loads",,"Woodbridge Township, New Jersey, 7001, United States",7327403437,gary@totalsourcelogistics.com
Fast Cargo Inc - Cross Dock,,"San Bernardino, California, 92407, United States",2066511687,Dispatch@fastcargo.net
LSI Logistic Solutions,,"Glendale Heights, Illinois, 60139, United States",630-635-6800,ChicagoCFS@lsilogistics.com
"Crossdock Bristol, PA",,"Tullytown, Pennsylvania, 19007, United States",585-281-5380,shawn@azimcargo.com
On Time Express Cross Docking,,"Schaumburg, Illinois, 91761, United States",310-627-2727,Ontimeexpresssllc@gmail.com
RS REPAIR SERVICE - TRUCK AND TRAILER REPAIR,,"Joliet, Illinois, 60436, United States",815-634-6577,rsrepairservice1@gmail.com
"Ferrugios Express - Bristol, PA",,"Bristol, Pennsylvania, 19007, United States",267-784-9658,245@crossdockbuddy.com
RapidShips LLC,,"East Brunswick, New Jersey, 8816, United States",551-275-9732,agomez@rapidships.com
EPS GROUP INC,,"Compton, California, 90220, United States",630 387 6090,julie@epsgroupfleet.com
Custom Disposal Service By: YLWH,,"Joliet, Illinois, 60436, United States",877-968-5623,youloadwehaulit@gmail.com
Airport Freight X-Change,,"Cutlerville, Michigan, 49315, United States",616-698-8900,dispatch1.mdt@gmail.com
"New Trans Crossdock in Bolingbrook, IL",,"Bolingbrook, Illinois, 60440, United States",773-798-7002,crossdockbolingbrook@gmail.com
MGA International,,"Dent, Ohio, 45247, United States",8443340039,239@crossdockbuddy.com
American Crossdock & Distribution Inc,,"Romulus, Michigan, 48174, United States",734-407-9333,dispatch.overhaulers@gmail.com
NYC Mini Storage,,"New York, New York, 10454, United States",718-742-2222,social@nycministorage.com
"Warehousing Del Rio, Florida",,"Del Rio, Florida, 33617, United States",8885015311,info@warehousingetc.com
"Crossdock Warehousing - Secaucus, NJ",,"Secaucus, New Jersey, 7094, United States",3313339100,warehousecrossdock@gmail.com
"Cross-dock, warehousing, transportation, re-stocking",,"Elmhurst, Illinois, 60126, United States",12243035982,quickinandoutservices@gmail.com
Power House LV,,"Las Vegas, Nevada, 89054, United States",702-707-3812,info@powerhouselv.com
Domalgo Allentown PA,,"Allentown, Pennsylvania, 18103, United States",4842218442,allentown@domalgo.com
C & C Manufacturing Inc,,"Gaithersburg, Maryland, 20879, United States",301-921-0014,dawn@cctrailer.com
Reliable,,"Brooklyn, Ohio, 44144, United States",4405212007,alex.habeeb@finalmiletrans.com
Cross dock/ Warehousing/ Transportation,,"Oak Creek, Wisconsin, 53154, United States",4145719988,229@crossdockbuddy.com
Trinity 3 Logistics,,"Brooksville, Florida, 34601, United States",+1404-513-0612,info@trinity3logistics.com
Distrubi Crossdocking,,"Laredo, Texas, 78045, United States",5128661690,roger@distrubi.com
Kind Retail Group Warehousing,,"Las Vegas, Nevada, 89120, United States",7028671484,lv@thekindretailgroup.com
UGI Global,"At UGI, we take pride being regarded as one of the most reliable cross-docking, supply chain, warehousing and logistics service providers in the industry. As a third party","Lockport, Illinois, 60441, United States",6306893346,info@ugiglobal.com
Vista Trans Holding Inc,,"Grapevine, Texas, 76051, United States",6824720150,david.longoria@vistatrans.com
Slate River Systems Inc - SRSI,,"Dallas, Texas, 75214, United States",(833) 258-3279,223@crossdockbuddy.com
417 Express Delivery,,"Strafford, Missouri, 65757, United States",417.773-0128,Candy@417express.com
"SNI NATIONAL LOGISTICS - Crossdock in Tucker, GA",,"Tucker, Georgia, 30083, United States",(866)551-8083,info@sniglobal.net
SBR ONT,,"Ontario, California, 91761, United States",9093570727,info@starxusa.com
Minnesota Cold Storage - Cross Docking - Cold Storage (Freezer/Refrigerated) 24/7,,"Rochester, Minnesota, 55906, United States",6086695303,brandon@minnesotacoldstorage.com
"WAREHOUSE 18 DOCKS IN ONTARIO, CA",,"Ontario, California, 91761, United States",9093570727,info@sbrexpressinc.com
AA Warehousing and Logistics,,"Romulus, Michigan, 48174, United States",7349471700,uaclmonroe@gmail.com
"Boss Transport - Louisville, KY",,"Louisville, Kentucky, 40228, United States",503-772-1167 | 502-303-1293,216@crossdockbuddy.com
LongRoad Cross-dock,,"Fife, Washington, 98424, United States",(425) 515-2455,longroad.warehouse@gmail.com
Cross Dock Services,,"Portland, Oregon, 97220, United States",9718041741,eagleway123@gmail.com
Metro City Cross - Dock,,"Romulus, Michigan, 48174, United States",312-823-6107,metrocitycrossdock@gmail.com
INTERNATONAL TRANSLOAD LOGISTICS,,"Joliet, Illinois, 60436, United States",7088256299,jhora@itlchicago.com
"EVEREST TRANSPORTATION - FRANKLIN PARK, IL",,"Franklin Park, Illinois, 60131, United States",773 906 5806,everest.transco@gmail.com
"Warehousing, Cross-dock, Freight transportation, Truck Repair",,"Bartlett, Illinois, 60103, United States",6308536420,MGR3DX@GMAIL.COM
Transportation/ Warehousing/ Cross Docking,,"Oak Creek, Wisconsin, 53154, United States",414-571-9988,matt@ltlserviceinc.com
Cross dock,,"Charlotte, North Carolina, 28206, United States",844-515-0585,team@esselog.com
Crossdock Summit IL,,"Summit, Illinois, 60501, United States",847-756-0429,207@crossdockbuddy.com
DDK Crossdock & Warehouse,,"Sparks, Nevada, 89431, United States",18:00 to 6:00 775-223-4892,206@crossdockbuddy.com
Excalibur Moving and Storage,,"North Bethesda, Maryland, 20852, United States",301-637-3637,info@excalibur-movers.com
DISTINGUISHED TRANSPORTATION LLC,,"Stonecrest, Georgia, 30058, United States",678-526-0022,dtrans07@gmail.com
"Coyote Xpress, LLC",,"St. Louis, Missouri, 63147, United States",314-540-9576,coyotexpressllc@outlook.com
Allstate Moving and Storage Maryland,,"Baltimore, Maryland, 21202, United States",301-270-5400,social@allstatemoving.net
Bothwell Transport Inc,,"Phoenix, Arizona, 85043, United States",623-302-7274,ana@bothwelltransport.com
JB Movers Los Angeles,,"Los Angeles, California, 90016, United States",323-933-7739,social@jbmoving.com
Peasley Moving & Storage,,"Boise, Idaho, 83706, United States",(208) 375-0961,social@peasleyboisemovers.com
Heart Moving Manhattan NYC,,"New York, New York, 10029, United States",347-566-0902,social@heartmoving.us
IPS NYC Movers,,"woodside, New York, 11377, United States",718-806-1507,social@ipsnycmovers.com
Bengal Empire LLC,,"Ontario, California, 91761, United States",(909) 243 3847,Bengalempirellc@gmail.com
Mod Movers,,"Monterey, California, 93940, United States",831-480-0381,social@mod-movers.com
State to State Move,,"Bay Harbor Islands, Florida, 33154, United States",888-545-8520,social@statetostatemove.com
Miami Movers for Less,,"Miami, Florida, 33162, United States",305-915-3881,social@miamimoversforless.com
Golan’s Moving and Storage,,"Skokie, Illinois, 60076, United States",847-673-8189,morris@golansmoving.com
Big Man's Moving Company,,"Clearwater, Florida, 33767, United States",727-772-3458,social@bigmansmoving.com
Triple 7 Movers Las Vegas,,"Las Vegas, Nevada, 89115, United States",702-685-6888,social@triple7movers.com
"Tri City Delivery, LLC",,"Pasco, Washington, 99301, United States",509 528 7740,ops@tricitydeliveryllc.com
"U. Santini Moving & Storage Brooklyn, New York",,"New York, New York, 11215, United States",718-768-6778,u.santinimovingandstorageny@gmail.com
Divine Moving and Storage NYC,,"New York, New York, 10022, United States",212-244-4011,social@divinemoving.com
Capital City Movers NYC,,"New York, New York, 10029, United States",718-619-4881,capitalcitymoversnyc@gmail.com
Transtar Trucking Inc,,"Miami, Florida, 33166, United States",13056351908,admin@transtartrucking.com
Crossdock in Lakeland FL,,"Lakeland, Florida, 33811, United States",773-879-9793,Tomasmidwest@gmail.com
24-7 Crossdock only $4 per pallet,,"Joliet, Illinois, 60436, United States",6304235121,ops@michaeltrucking.com
O-G Packing and Cold Storage Company,,"Stockton, California, 95215, United States",212-300-5590,Wework@ogpacking.com
Moving Experts US,,"Chicago, Illinois, 60621, United States",773-840-0957,social@usmovingexperts.com
"Crossdock in Markham, IL",,"Markham, Illinois, 60428, United States",312-543-4341,179@crossdockbuddy.com
Florida Freight,,"Orlando, Florida, 32837, United States",407-797-1244,buzz@floridafreight.info
Synergy Logistics LLC,,"Forest View, Illinois, 60638, United States",847-807-4922,CHRIS@SYNERGYLTL.COM
LANDLINER INC - ADDISON IL,,"Addison, Illinois, 60101, United States",847-962-2242,info@landliner.com
"New Bell Truck Lines, Inc",,"Richmond, Virginia, 23234, United States",804-414-8638,Donna@newbelltruckline.com
"CTW Transportation Services, Inc.",,"North Kansas City, Missouri, 64116, United States",8162213411,kcarter@ctwlogistics.com
Granite City Warehousing,,"Sartell, Minnesota, 56377, United States",3202627151,dustin@gcwarehousing.com
SILACAL Crossdock in Chicago,,"Forest View, Illinois, 60638, United States",224-717-1124,kris1166@gmail.com
"Crossdock in Romulus, MI",,"Romulus, Michigan, 48174, United States",313-403-5800 x 1,dispatch@ifslogisticsllc.com
Greenline Express,,"Sacramento, California, 95815, United States",916-744-2811,170@crossdockbuddy.com
"GOVI LOGISTICS, LLC",,"Coppell, Texas, 75019, United States",800-256-5619 | 469-635-9000,169@crossdockbuddy.com
Cross Dock/Warehouse House,,"Hilliard, Ohio, 43026, United States",16148066496,operations@rwespace.com
"Cross Dock in Livonia, Michigan",,"Livonia, Michigan, 48150, United States",312-823-6107,Kostanda.anton@gmail.com
Nara Inc - Cross Dock in Naperville IL,,"Naperville, Illinois, 60563, United States",503-319-3058,nara.crossdock@gmail.com
Heavy Diesel Service,,"Columbus, Ohio, 43228, United States",614-270-3105,info@hdsohio.com
JC TRUCKING,,"Stockton, California, 95206, United States",2094663282,JCTRUCKINGCA@GMAIL.COM
"Crossdock in Savannah, GA",,"Pooler, Georgia, 31322, United States",912-658-0309,juliusbennett@comcast.net
"CrossDock & Delivery - Harrisburg, PA",,"Harrisburg, Pennsylvania, 17110, United States",717-251-0257,162@crossdockbuddy.com
Baton Rouge Cargo Service,,"Port Allen, Louisiana, 70767, United States",2252266110,dmiller@batonrougecargo.com
UniBox Warehouse,,"Markham, Illinois, 60428, United States",773-355-5145,info@unibox.ws
Freight Agent 4 U,,"Woodbridge Township, New Jersey, 7001, United States",708-663-5600,damianlogistics@gmail.com
"TryHard Logistics and Warehouse - Omaha, NE",,"Omaha, Nebraska, 68117, United States",402-500-3200,jkunkle@tryhardlogistics.com
All Seasons Express LLC,,"Comstock Township, Michigan, 49048, United States","269-344-3341 , 888-344-3710",ed@asedelivers.com
"Cross Docking & Warehouse Systems - Laredo, TX",,"Laredo, Texas, 78045, United States",916-717-8788,156@crossdockbuddy.com
"Cassil Freight and Warehousing, Inc.",,"Fairfield, California, 94533, United States",707-437-7357,info@cassilinc.com
"GS Bath INC - Fresno, CA",,"Fresno, California, 93725, United States",559-375-2652,154@crossdockbuddy.com
"Narrow Road Transportation - Albuquerque, NM",,"Albuquerque, New Mexico, 87106, United States",505-373-3000,dispatch@nrabq.com
"Sargent Logistics - Crossdock in Cicero, IL",,"Cicero, Illinois, 60804, United States",773 369 0454,vlad@sargentlogistics.com
"Akal Cargo Inc. - San Bernardino, CA",,"San Bernardino, California, 92407, United States",909-341-3543,dispatch@akalcargo.net
"Everest Transportation - Franklin Park, IL",,"Franklin Park, Illinois, 60131, United States",773-727-3725,150@crossdockbuddy.com
"John Dotseth - Menomonie, WI",,"Menomonie, Wisconsin, 54751, United States",715-235-5411,tschneider@johndotseth.us
Stela Express,,"Romeoville, Illinois, 60446, United States",630-352-0002x214,julius@stelaexpress.com
"JP Freight, LLC",,"Cleveland, Ohio, 44109, United States",440-710-4703,jpfreightllc@gmail.com
"Crossdock Reno, NV  Sparks, NV  McCarran, NV",,"Sparks, Nevada, 89431, United States",775-232-0749,146@crossdockbuddy.com
"KForce Express - Melrose Park, IL",,"Melrose Park, Illinois, 60160, United States",773-996-0896,olek@kforceexpress.com
Pogue Supply,,"Garland, Texas, 75042, United States",9724945658,info@poguesupply.com
Lit Trans Inc,,"Crest Hill, Illinois, 60441, United States",708-506-1357,Littrucks@gmail.com
Terminal Consolidation- Kansas City Missouri,,"Kansas City, Missouri, 64161, United States",(816) 453-5101,142@crossdockbuddy.com
Smart warehousing- Lenexa KS,,"Lenexa, Kansas, 66215, United States",(913) 888-3222,141@crossdockbuddy.com
"Frytown Distribution - Kalona, IA",,"Stanwood, Iowa, 52337, United States",319-330-8938,140@crossdockbuddy.com
GM Freight,,"Miami, Florida, 33166, United States",305-599-7924,sharonmartin004@gmail.com
Commonwealth Inc. -Interstate CBA- Cincinnati Oh,,"West Chester Township, Ohio, 45246, United States",(513) 985-8904,138@crossdockbuddy.com
Taylor Warehouse- Cincinnati OH,,"Evendale, Ohio, 45241, United States",(800) 486-0015,137@crossdockbuddy.com
WSI- Neenah Wi,,"Neenah, Wisconsin, 54956, United States",(920) 830-5000,136@crossdockbuddy.com
B & D Warehouse Inc- Greenbay Wi,,"Howard, Wisconsin, 54303, United States",(920) 499-3105,135@crossdockbuddy.com
M&M WAREHOUSING- Greenbay WI,,"Green Bay, Wisconsin, 54301, United States",(920) 445-0340,134@crossdockbuddy.com
Portage Cold Storage- Portage Wi,,"Portage, Wisconsin, 53901, United States",(608) 742-6540,133@crossdockbuddy.com
Central States Warehouse- Lacrosse Wi,,"La Crosse, Wisconsin, 54603, United States",(608) 781-2818,132@crossdockbuddy.com
Central Storage & Warehouse Co- Madison Wi,,"Madison, Wisconsin, 53716, United States",(608) 221-7600,131@crossdockbuddy.com
Complete Warehouse & Distribution- Milwaukee WI,,"Milwaukee, Wisconsin, 53223, United States",(262) 408-8389,130@crossdockbuddy.com
"LTL Service, Inc- Oak creek Wi",,"Oak Creek, Wisconsin, 53154, United States",(800) 545-9415,129@crossdockbuddy.com
Laney & Duke Logistics- Jacksonville FL,,"Jacksonville, Florida, 32206, United States",(904) 798-3500,128@crossdockbuddy.com
Fort Pierce Cross Docking- Fort Pierce FL,,"Fort Pierce, Florida, 34982, United States",(772) 207-3730,127@crossdockbuddy.com
Cross dock and delivery - Orlando FL,,"Orlando, Florida, 32837, United States",(407) 854-1500,126@crossdockbuddy.com
Twiss Transport- Largo FL,,"Largo, Florida, 33771, United States",(727) 584-1585,125@crossdockbuddy.com
"D-TRANS,LLC- Venice FL",,"Venice, Florida, 34292, United States",941-244-4321,124@crossdockbuddy.com
BDS LOGISTICS INC.- Tampa Florida,,"Egypt Lake-Leto, Florida, 33614, United States",(877) 883-0343,123@crossdockbuddy.com
Averitt Express Co- Jacksonville FL,,"Jacksonville, Florida, 32254, United States",(904) 387-1423,122@crossdockbuddy.com
Value added resources- indianapolis in,,"Indianapolis, Indiana, 46214, United States",(317) 899-1000,121@crossdockbuddy.com
Same Day Delivery Crossdock- Grand Rapids MI,,"Walker, Michigan, 49534, United States",(616) 791-6400,120@crossdockbuddy.com
"Pitt-ohio Express- Roanoke, VA",,"Roanoke, Virginia, 24012, United States",(540) 857-8945,119@crossdockbuddy.com
"M & M Mobile Truck Services - Birmingham, AL",,"Birmingham, Alabama, 35234, United States",205-252-8080,118@crossdockbuddy.com
GoShip,,"Cranberry Township, Pennsylvania, 16066, United States",724-814-5074,117@crossdockbuddy.com
Red liner logistics- Bakersfield Ca,,"Bakersfield, California, 93301, United States",661 201 6389,116@crossdockbuddy.com
Ken Ice Storage- Bakersfield ca,,"Bakersfield, California, 93301, United States",(661) 324-1911,115@crossdockbuddy.com
"MCO Distribution & Logistics-  Wilmington, NC",,"Wilmington, North Carolina, 28405, United States",(910) 362-0650,114@crossdockbuddy.com
"Superior Logistics-  Mebane, NC 27302",,"Mebane, North Carolina, 27302, United States",(919) 563-9077,113@crossdockbuddy.com
"Perdue Food, LLC- Rockingham, NC",,"Rockingham, North Carolina, 28379, United States",(910) 997-8589,112@crossdockbuddy.com
"Kanban Logistics- Tarboro, NC",,"Tarboro, North Carolina, 27886, United States",(252) 823-7522,111@crossdockbuddy.com
"Merchants Transfer & Warehouse Company-Little Rock, AR",,"Little Rock, Arkansas, 72201, United States",(501) 374-0216,110@crossdockbuddy.com
"Northland Trucking- Phoenix, AZ",,"Phoenix, Arizona, 85009, United States",(602) 254-0007,109@crossdockbuddy.com
"Lightning Logistics, LLC- Las Vegas NV",,"Las Vegas, Nevada, 89115, United States",702) 399-0027,108@crossdockbuddy.com
J C Trucking- Stockton CA,,"Stockton, California, 95206, United States",(209) 466-3282,107@crossdockbuddy.com
"Cannonball Express Inc - Omaha, NE",,"Omaha, Nebraska, 68138, United States",(402) 894-4882,106@crossdockbuddy.com
"Nebraska Transport Co- Grand Island, NE",,"Grand Island, Nebraska, 68803, United States",(308) 382-8425,105@crossdockbuddy.com
"Claeys Brothers Moving & Storage-Sioux City, IA",,"Sioux City, Iowa, 51111, United States",(712) 252-1335,104@crossdockbuddy.com
"AWDX Logistics, Inc- Hebron KY",,"Hebron, Kentucky, 41048, United States",(859) 689-5514,103@crossdockbuddy.com
Glen’s Towing & Road Service- Beckley WV,,"Beckley, West Virginia, 25801, United States",(304) 252-6287,102@crossdockbuddy.com
Cross-Dock- Rochester NY,,"Rochester, New York, 14615, United States",(585) 305-0501,101@crossdockbuddy.com
Blast E.C. LLC- - Hammonton NJ,,"Hamilton Township, New Jersey, 8037, United States",(609) 705-5020,100@crossdockbuddy.com
Liberty Transportation Inc- Sterling VA,,"Sterling, Virginia, 20166, United States",(703) 689-2008,99@crossdockbuddy.com
Cheyenne Logistics- O'fallon MO,,"O'Fallon, Missouri, 63366, United States",636 980 4500,98@crossdockbuddy.com
Advanced Warehouses Inc- Mansfield MA,,"Mansfield, Massachusetts, 2048, United States",(508) 339-8995,97@crossdockbuddy.com
Ems Warehousing & Distribution Inc- Taunton MA,,"Taunton, Massachusetts, 2780, United States",(508) 238-7040,96@crossdockbuddy.com
Wilmington Cold Storage- Wilmington MA,,"Wilmington, Massachusetts, 1887, United States",(781) 935-8670,95@crossdockbuddy.com
Catch-Up Logstics- Greens burg PA,,"South Greensburg, Pennsylvania, 15601, United States",1412 441 9512,94@crossdockbuddy.com
Catch-Up Logistics- Chambersberg PA,,"Chambersburg, Pennsylvania, 17201, United States",1412 441 9512,93@crossdockbuddy.com
Catch-Up Logistics- Davenport IO,,"Davenport, Iowa, 52802, United States",1412 441 9512,92@crossdockbuddy.com
A&D Cold Storage Inc.- Worcester MA,,"Worcester, Massachusetts, 1610, United States",508-754-4426,91@crossdockbuddy.com
Red Hawk Global- Columbus OH,,"Columbus, Ohio, 43204, United States",16144878505,ops@redhawk.com
Easley Trans- Memphis TN,,"Memphis, Tennessee, 38118, United States",1901 362 5152,sales@easleytrans.com
Brothers Transportation & Warehousing,"2nd Location:  12481 Riverside Dr. Eastvale, CA 91752","Eastvale, California, 91752, United States",530-383-8225,larry@brotherstw.com
"Andy's Freight - New Orleans, LA",,"New Orleans, Louisiana, 70126, United States",504-241-6405,andysfrt@att.net
Mt Empire Inc,,"Elk Grove Village, Illinois, 60007, United States",8476370772,ian@mtetransportation.com
Cross Dock Warehouse,,"Phoenix, Arizona, 85043, United States",6023307661,info@starkslg.com
"Daily Transportation - Eagan, MN",,"Eagan, Minnesota, 55122, United States",651-209-7684,dispatch@daily-trans.com
"KonEd Logistics - Berkeley, IL",,"Berkeley, Illinois, 60163, United States",708-865-1710,ops@konedlogistics.us
"Mission Cargo Warehouse - Alpharetta, GA",,"Alpharetta, Georgia, 30004, United States",6786972328,arthur@mission-cargo.com
"Jones Family Cross Dock - Reno, NV",,"Sparks, Nevada, 89431, United States",775-232-0749,jfccrossdock@gmail.com
"Delta Wholesale Tire - Wood Dale, IL",,"Wood Dale, Illinois, 60007, United States",O: 630-509-3722 | C: 773-939-6885,deltawholesaletire@yahoo.com
"OK Express - Portland, OR",,"Portland, Oregon, 97230, United States",503-752-3982 Daniel | 503-754-7974 Vass,79@crossdockbuddy.com
"Distinguished Transportation - Lithonia, GA",,"Lithonia, Georgia, 30058, United States",949-272-6758,77@crossdockbuddy.com
"Carolina Logistics - Salt Lake City, UT",,"Salt Lake City, Utah, 84104, United States",801-232-1656,76@crossdockbuddy.com
M-K Trucking Inc. - Aurora,,"Aurora, Colorado, 80011, United States",720-477-8019,75@crossdockbuddy.com
Blish Mize - Aurora,,"Aurora, Colorado, 80011, United States",303-364-9647 | 913-360-0214,74@crossdockbuddy.com
Vanask Warehouse - Denver,,"Denver, Colorado, 80216, United States",303-355-5140,73@crossdockbuddy.com
Houg Special Services Inc. - Commerce City,,"Commerce City, Colorado, 80022, United States",303-298-3915,72@crossdockbuddy.com
Western Freight Ways - Denver,,"North Washington, Colorado, 80229, United States",800-422-5332 | 303-287-0999,71@crossdockbuddy.com
Denver Express - Commerce City,,"Derby, Colorado, 80022, United States",303-289-4343 | 303-434-0314,70@crossdockbuddy.com
"Trans Vegas Express - Henderson, NV",,"Henderson, Nevada, 89011, United States",702-382-0387 | 702-540-8307,vegastony43@gmail.com
GGF Transportation,,"Melrose Park, Illinois, 60160, United States",773-704-8854,kamil@ggftransport.com
MP Truck Repair - Melrose Park,,"Melrose Park, Illinois, 60160, United States",847-772-7614,67@crossdockbuddy.com
J D Gonzales Trucking,,"Hermiston, Oregon, 97838, United States",541-289-2309,66@crossdockbuddy.com
"Dynamic Express Inc - Kearny, NJ",,"Kearny, New Jersey, 7032, United States",973-344-6300,j_cunniff@hotmail.com
"Transportation Services Inc - Nashville, TN",,"Nashville, Tennessee, 37210, United States",615-244-6300 | 615-574-1054,64@crossdockbuddy.com
Track Your Truck,,"Lynchburg, Virginia, 24502, United States",888-434-3848,info@trackyourtruck.com
"Woods Distributors - Arlington, TX",,"Arlington, Texas, 76011, United States",817-456-1851,bill@woodsdist.com
Adams Distributors - Houston TX,,"Houston, Texas, 77018, United States",713-823-7506,marksnyder@adamsdist.com
Rush Logistics - Melrose Park,,"Melrose Park, Illinois, 60160, United States",773-383-5721,60@crossdockbuddy.com
"Yourway Transport Inc - Allentown, PA",,"Allentown, Pennsylvania, 18106, United States",610-395-9198,59@crossdockbuddy.com
"Exit 111 AAA Tractor Trailer Repair - North Canton, OH",,"North Canton, Ohio, 44720, United States",330-966-7467,jim.exit111repair@yahoo.com
Hub Group,,"Oak Brook, Illinois, 60523, United States",630-271-3600,info@hubgroup.com
"Keyport Warehousing - Loxley, AL",,"Loxley, Alabama, 36551, United States",251-964-4607,keyport@keyportwarehousing.com
"Adz Trucking Inc. - Springfield, MO",,"Springfield, Missouri, 65803, United States",417-343-9398,55@crossdockbuddy.com
"Joe Piper, Inc. - Birmingham, AL",,"Midfield, Alabama, 35221, United States",205-290-2212 | 205-290-2211,54@crossdockbuddy.com
"ASD Logistics - Atlanta, GA",,"Atlanta, Georgia, 30336, United States",404-494-3050 | 404-349-3800,53@crossdockbuddy.com
"AV Trucking - Tucker, GA",,"Tucker, Georgia, 30084, United States",470-275-5972 | 404-578-7622 | 678-923-7141,52@crossdockbuddy.com
Atlanta Area Warehouse,,"Alpharetta, Georgia, 30004, United States",678-697-2328 | 678-697-2328,51@crossdockbuddy.com
"RBW Logistics - Augusta, GA",,"Augusta, Georgia, 30901, United States",706-533-5032,50@crossdockbuddy.com
"Cibiya America Warehousing - Grand Prarie, TX",,"Grand Prairie, Texas, 75050, United States",214-694-8315,info@cibiyalogistics.com
"Cowtown Express - Fort Worth, TX",,"Fort Worth, Texas, 76118, United States",817-602-0538 | 817-734-1693,48@crossdockbuddy.com
"Carlos Warehouse - Fort Worth, TX",,"Fort Worth, Texas, 76112, United States",214-954-8315,47@crossdockbuddy.com
"BFS Services - Carrollton, TX",,"Carrollton, Texas, 75006, United States",972-416-7444,46@crossdockbuddy.com
"BFS Services - Flower Mound, TX",,"Flower Mound, Texas, 75028, United States",940-395-6710,45@crossdockbuddy.com
"BFS Services - Coppell, TX",,"Coppell, Texas, 75019, United States",800-256-5619 | 469-635-9000,44@crossdockbuddy.com
"TM Express - Dallas, TX",,"Dallas, Texas, 75063, United States",817-329-0600,dispatch@gowithtm.com
"Branch Warehousing & Distribution Center - Lafayette, LA",,"Lafayette, Louisiana, 70508, United States",337-837-2042,customerservice@branchwarehousing.com
"B & B Heavy Truck and Equipment Repair - Pooler, GA",,"Pooler, Georgia, 31322, United States",912-963-0110,41@crossdockbuddy.com
"Eclipse Freight Systems - Grapevine, TX",,"Grapevine, Texas, 76051, United States",214-208-3000 | 214-536-6880,40@crossdockbuddy.com
"Open Range Transport Company - Dallas, TX",,"Dallas, Texas, 75247, United States",214-630-8179 | 214-678-9417,info@orttx.com
"First Eagle Logistics - Capitol Heights, Maryland",,"Upper Marlboro, Maryland, 20772, United States",301-516-1616,info@firsteaglelogistics.com
"Fortress Freight - Arlington, TX",,"Arlington, Texas, 76012, United States",817-609-9165,info@fortressfreight.com
"Abq Express Cartage, Inc. - Albuquerque",,"Albuquerque, New Mexico, 87106, United States",505-764-5995,Dispatch@abqexp.com
"Baytrans, Inc - Sacramento",,"Sacramento, California, 95838, United States",916-335-5056,35@crossdockbuddy.com
M&E Transport - Louisville,,"Louisville, Kentucky, 40216, United States",502-367-6578,34@crossdockbuddy.com
Unyson,,"Maryland Heights, Missouri, 63146, United States",866-409-9759,info@unyson.com
Masselink Brothers Trucking,,"Grand Rapids, Michigan, 49503, United States",800-284-8446,32@crossdockbuddy.com
"Z Brothers - Cleveland, OH",,"Brooklyn, Ohio, 44144, United States",216-916-9850,Info@zbrotherstrucking.com
CROSS-DOCK SERVICES LLC,,"Millbury, Ohio, 43447, United States",419 705 3236,pnagle@naglecompanies.com
"Lee Storage & Distribution - Toledo, OH",,"Toledo, Ohio, 43611, United States",419-726-1616,eddie.lee@leestoragecompany.com
"Winsfargo Transport - Compton, CA",,"Compton, California, 90220, United States",301-608-4401 | 626-780-3326,28@crossdockbuddy.com
"Kennedy Transportation - Inwood, NY",,"Inwood, New York, 11096, United States",815-372-9898 | 800-323-3734,kleahey@ktsny.com
"Dynamic Warehousing & Distributing - Champlain, NY",,"Champlain, New York, 12919, United States",518-298-1000,info@dynamicdistribution.co
"StarWay Lines - Palatine, IL",,"Palatine, Illinois, 60067, United States",847-821-1015 | 847-754-7007,info@starwaylines.com
"Inland Transportation - Orlando, FL",,"Orlando, Florida, 32808, United States",888-881-0889 | 407-858-3039,dispatch@inlandtransportinc.com
"Tampa Delivery Service - Tampa, FL",,"Town 'n' Country, Florida, 33634, United States",877-883-0343 | 813-884-3333,quotes@tampadeliverycourier.com
"D-Trans - Venice, FL",,"Venice, Florida, 34292, United States",941-244-4321 | 503-888-7200,info@d-transllc.com
"Port of Palm Beach Cold, Merchants Market Group - Riviera Beach, FL",,"Riviera Beach, Florida, 33404, United States",561-863-7171,21@crossdockbuddy.com
"CLN Solutions - Charleston, SC",,"North Charleston, South Carolina, 29406, United States",843-934-8066,Julie@clnsolutions.com
"Nighthawk Enterprises - Miami, FL",,"Miami, Florida, 33142, United States",305-691-6337,Carlos@nighthawktrucking.com
"Jacksonville Warehouse - Jacksonville, FL",,"Jacksonville, Florida, 32207, United States",904-891-7927,18@crossdockbuddy.com
"Foothills Brokerage - Knoxville, TN",,"Knoxville, Tennessee, 37921, United States",865-522-2899 | 865-414-5034,17@crossdockbuddy.com
"MACO Transportation - Memphis, TN",,"Memphis, Tennessee, 38126, United States",(901) 239-3849,darren@macotransport.com
Redhawk Global - Columbus OH,,"Columbus, Ohio, 43204, United States",(614) 487-8505,mark@redhawkglobal.com
"A To Z Distribution LLC - Phoenix, AZ",,"Phoenix, Arizona, 85043, United States",(602) 272-4903,atozdist@gmail.com
"Crossdock in Columbus, OH",,"Columbus, Ohio, 43207, United States",614-441-8483 | 772-293-1433,john@carriergroupinc.com
"OnTrac Shipping - Fridley, MN",,"Fridley, Minnesota, 55421, United States",763-571-5007 x 7609,ahasty@ontrac.com
